C1;C2;C3;C4;C5;C6
Drinks;Hot drinks;Tea;Tea Bags (Black);Black;
Drinks;Hot drinks;Tea;Tea Bags (Green/ herbal/ Fruit);Green;
Drinks;Hot drinks;Tea;Tea Bags (Green/ herbal/ Fruit);Herbal;
Drinks;Hot drinks;Tea;Tea Bags (Green/ herbal/ Fruit);Fruit;
Drinks;Hot drinks;Tea;Loose Leaf Tea;Black;
Drinks;Hot drinks;Tea;Loose Leaf Tea;Green;
Drinks;Hot drinks;Coffee;Coffee Pods;Standard;
Drinks;Hot drinks;Coffee;Coffee Pods;Flavoured;
Drinks;Hot drinks;Coffee;Instant Coffee;Standard;
Drinks;Hot drinks;Coffee;Instant Coffee;Flavoured;
Drinks;Hot drinks;Coffee;Ground Coffee Bags;Standard;
Drinks;Hot drinks;Coffee;Coffee Beans Bags;Standard;
Drinks;Hot drinks;Hot chocolate;Chocolate Powder;Chocolate;
Drinks;Hot drinks;Hot chocolate;Chocolate Powder;Flavoured Chocolate;
Drinks;Hot drinks;Hot chocolate;Malted Drinks;Malted;
Drinks;Soft drinks;Carbonated drinks;Cola;Standard;
Drinks;Soft drinks;Carbonated drinks;Cola;Diet;
Drinks;Soft drinks;Carbonated drinks;Cola;Zero;
Drinks;Soft drinks;Carbonated drinks;Cola;Flavoured;
Drinks;Soft drinks;Carbonated drinks;Fizzy;Lemon/ lime;
Drinks;Soft drinks;Carbonated drinks;Fizzy;Orange;
Drinks;Soft drinks;Carbonated drinks;Fizzy;Ginger Beer;
Drinks;Soft drinks;Carbonated drinks;Fizzy;Other Flavoured;
Drinks;Soft drinks;Juice & cordials;Juice;Orange;
Drinks;Soft drinks;Juice & cordials;Juice;Apple;
Drinks;Soft drinks;Juice & cordials;Juice;Tropical;
Drinks;Soft drinks;Juice & cordials;Juice;Coconut;
Drinks;Soft drinks;Juice & cordials;Smoothies;Berry;
Drinks;Soft drinks;Juice & cordials;Smoothies;Tropical;
Drinks;Soft drinks;Juice & cordials;Smoothies;Other  ;
Drinks;Soft drinks;Juice & cordials;Squash/ Cordials;Orange;
Drinks;Soft drinks;Juice & cordials;Squash/ Cordials;Berries;
Drinks;Soft drinks;Juice & cordials;Squash/ Cordials;Tropical;
Drinks;Soft drinks;Juice & cordials;Squash/ Cordials;Other;
Drinks;Soft drinks;Iced drinks;Iced Tea;Peach;
Drinks;Soft drinks;Iced drinks;Iced Tea;Lemon ;
Drinks;Soft drinks;Iced drinks;Iced Tea;Other;
Drinks;Soft drinks;Iced drinks;Iced Coffee;Standard;
Drinks;Soft drinks;Iced drinks;Iced Coffee;Flavoured;
Drinks;Soft drinks;Non alcoholic & mixers;Mixers ;Tonic;
Drinks;Soft drinks;Non alcoholic & mixers;Mixers ;Soda Water;
Drinks;Soft drinks;Non alcoholic & mixers;Mixers ;Other;
Drinks;Soft drinks;Non alcoholic & mixers;Alcohol Free;Alcohol Free Wine;
Drinks;Soft drinks;Non alcoholic & mixers;Alcohol Free;Alcohol Free Beer;
Drinks;Soft drinks;Non alcoholic & mixers;Alcohol Free;Alcohol Free Spirits;
Drinks;Soft drinks;Milk & alternatives;Ambient Dairy Milk;Whole;
Drinks;Soft drinks;Milk & alternatives;Ambient Dairy Milk;Semi skimmed;
Drinks;Soft drinks;Milk & alternatives;Ambient Dairy Milk;Skimmed;
Drinks;Soft drinks;Milk & alternatives;Plant Based Milks/ Drinks;Oat;
Drinks;Soft drinks;Milk & alternatives;Plant Based Milks/ Drinks;Soya;
Drinks;Soft drinks;Milk & alternatives;Plant Based Milks/ Drinks;Almond;
Drinks;Soft drinks;Milk & alternatives;Plant Based Milks/ Drinks;Other;
Drinks;Soft drinks;Milk & alternatives;Shakes;RTD;
Drinks;Soft drinks;Milk & alternatives;Shakes;Powders;
Drinks;Soft drinks;Water;Plain;Still;
Drinks;Soft drinks;Water;Plain;Sparkling;
Drinks;Soft drinks;Water;Flavoured;Still;
Drinks;Soft drinks;Water;Flavoured;Sparkling;
Food;Breakfast;Cereals;Everyday;Everyday;Cornflakes
Food;Breakfast;Cereals;Everyday;Everyday;Chocolate
Food;Breakfast;Cereals;Everyday;Everyday;Wheat
Food;Breakfast;Cereals;Everyday;Everyday;Hoops
Food;Breakfast;Cereals;Everyday;Everyday;Other flake
Food;Breakfast;Cereals;Granola/ Muesli;Granola/ Muesli;Fruit Granola
Food;Breakfast;Cereals;Granola/ Muesli;Granola/ Muesli;Chocolate Granola
Food;Breakfast;Cereals;Granola/ Muesli;Granola/ Muesli;Nut Granola
Food;Breakfast;Cereals;Granola/ Muesli;Granola/ Muesli;Muesli
Food;Breakfast;Cereals;Porridge;Porridge;Oats
Food;Breakfast;Cereals;Porridge;Porridge;Sachets
Food;Breakfast;On the go;On The Go;On The Go;Pots
Food;Breakfast;On the go;On The Go;On The Go;Breakfast Biscuits
Food;Snacks;Chips & savoury snacks;Chips;Potato Chips;Salted
Food;Snacks;Chips & savoury snacks;Chips;Potato Chips;Paprika
Food;Snacks;Chips & savoury snacks;Chips;Potato Chips;Cheese
Food;Snacks;Chips & savoury snacks;Chips;Potato Chips;Salt & Vinegar
Food;Snacks;Chips & savoury snacks;Chips;Potato Chips;Sour Cream
Food;Snacks;Chips & savoury snacks;Chips;Potato Chips;Other  
Food;Snacks;Chips & savoury snacks;Chips;Tortilla Chips;Salted
Food;Snacks;Chips & savoury snacks;Chips;Tortilla Chips;Flavoured
Food;Snacks;Chips & savoury snacks;Chips;Maize/ Corn snacks;Salted
Food;Snacks;Chips & savoury snacks;Chips;Maize/ Corn snacks;Paprika
Food;Snacks;Chips & savoury snacks;Chips;Maize/ Corn snacks;Cheese
Food;Snacks;Chips & savoury snacks;Chips;Maize/ Corn snacks;Salt & Vinegar
Food;Snacks;Chips & savoury snacks;Chips;Maize/ Corn snacks;Sour Cream
Food;Snacks;Chips & savoury snacks;Chips;Maize/ Corn snacks;Other  
Food;Snacks;Chips & savoury snacks;Other Savoury Snacks;Popcorn;Sweet
Food;Snacks;Chips & savoury snacks;Other Savoury Snacks;Popcorn;Salty
Food;Snacks;Chips & savoury snacks;Other Savoury Snacks;Popcorn;Sweet & Salty
Food;Snacks;Chips & savoury snacks;Other Savoury Snacks;Popcorn;Flavoured
Food;Snacks;Chips & savoury snacks;Other Savoury Snacks;Popcorn;Microwave
Food;Snacks;Chips & savoury snacks;Other Savoury Snacks;Crackers;Plain
Food;Snacks;Chips & savoury snacks;Other Savoury Snacks;Crackers;Flavoured
Food;Snacks;Chips & savoury snacks;Other Savoury Snacks;Jerky/ Meat Snacks;Jerky/ Biltong
Food;Snacks;Chips & savoury snacks;Other Savoury Snacks;Jerky/ Meat Snacks;Meat
Food;Snacks;Chips & savoury snacks;Other Savoury Snacks;Jerky/ Meat Snacks;Pork Scratchings
Food;Snacks;Fruit & nut;Fruit;Raisins;
Food;Snacks;Fruit & nut;Fruit;Mango;
Food;Snacks;Fruit & nut;Fruit;Pineapple;
Food;Snacks;Fruit & nut;Fruit;Other;
Food;Snacks;Fruit & nut;Nuts;Almonds;
Food;Snacks;Fruit & nut;Nuts;Cashews;
Food;Snacks;Fruit & nut;Nuts;Pistachio;
Food;Snacks;Fruit & nut;Nuts;Walnut;
Food;Snacks;Fruit & nut;Nuts;Peanut;
Food;Snacks;Fruit & nut;Nuts;Mixed Nuts;
Food;Snacks;Fruit & nut;Mixed/ Trail;Mixed Fruit & Nut;
Food;Snacks;Fruit & nut;Mixed/ Trail;Trail Mix;
Food;Snacks;Biscuits & cakes;Biscuits;Sweet Biscuits;Plain
Food;Snacks;Biscuits & cakes;Biscuits;Sweet Biscuits;Chocolate
Food;Snacks;Biscuits & cakes;Biscuits;Sweet Biscuits;Wafers
Food;Snacks;Biscuits & cakes;Biscuits;Sweet Biscuits;Shortbread
Food;Snacks;Biscuits & cakes;Biscuits;Sweet Biscuits;Assorted
Food;Snacks;Biscuits & cakes;Biscuits;Cereal Bars;Treat Bars
Food;Snacks;Biscuits & cakes;Biscuits;Cereal Bars;Healthy Bars
Food;Snacks;Biscuits & cakes;Biscuits;Cereal Bars;Diet Bars
Food;Snacks;Biscuits & cakes;Biscuits;Fruit & Nut Bars;Fruit Bars
Food;Snacks;Biscuits & cakes;Biscuits;Fruit & Nut Bars;Nut Bars
Food;Snacks;Biscuits & cakes;Biscuits;Fruit & Nut Bars;Fuit & Nut mix
Food;Snacks;Biscuits & cakes;Cakes;Whole Cakes;Swiss Roll
Food;Snacks;Biscuits & cakes;Cakes;Whole Cakes;Loaf Cakes
Food;Snacks;Biscuits & cakes;Cakes;Whole Cakes;Other
Food;Snacks;Biscuits & cakes;Cakes;Cake Slices/ Small Cakes;Pies
Food;Snacks;Biscuits & cakes;Cakes;Cake Slices/ Small Cakes;Tarts
Food;Snacks;Biscuits & cakes;Cakes;Cake Slices/ Small Cakes;Cupcakes
Food;Snacks;Biscuits & cakes;Cakes;Cake Slices/ Small Cakes;Muffins
Food;Snacks;Biscuits & cakes;Cakes;Cake Slices/ Small Cakes;Mini cakes
Food;Snacks;Biscuits & cakes;Cakes;Cake Slices/ Small Cakes;Madeleines
Food;Snacks;Biscuits & cakes;Cakes;Flapjacks;
Food;Snacks;Chocolate & sweets;Chocolate;Chocolate Blocks;Milk
Food;Snacks;Chocolate & sweets;Chocolate;Chocolate Blocks;White
Food;Snacks;Chocolate & sweets;Chocolate;Chocolate Blocks;Dark
Food;Snacks;Chocolate & sweets;Chocolate;Chocolate Blocks;Flavoured
Food;Snacks;Chocolate & sweets;Chocolate;Chocolate Boxes/ Gifting;
Food;Snacks;Chocolate & sweets;Chocolate;Chocolate Pouches;
Food;Snacks;Chocolate & sweets;Chocolate;Chocolate Singles;Milk
Food;Snacks;Chocolate & sweets;Chocolate;Chocolate Singles;White
Food;Snacks;Chocolate & sweets;Chocolate;Chocolate Singles;Dark
Food;Snacks;Chocolate & sweets;Chocolate;Chocolate Singles;Flavoured
Food;Snacks;Chocolate & sweets;Sweets;Gummy Candies;Licquorice
Food;Snacks;Chocolate & sweets;Sweets;Gummy Candies;Fruit
Food;Snacks;Chocolate & sweets;Sweets;Gummy Candies;Sour
Food;Snacks;Chocolate & sweets;Sweets;Gummy Candies;Mochi
Food;Snacks;Chocolate & sweets;Sweets;Hard Boiled;Toffees
Food;Snacks;Chocolate & sweets;Sweets;Hard Boiled;Fruit
Food;Snacks;Chocolate & sweets;Sweets;Gum/ Mints;Chewing Gum
Food;Snacks;Chocolate & sweets;Sweets;Gum/ Mints;Mints
Food;Pantry;Spreads & desserts;Conserves/ Spreads;Jam;Strawberry
Food;Pantry;Spreads & desserts;Conserves/ Spreads;Jam;Raspberry
Food;Pantry;Spreads & desserts;Conserves/ Spreads;Jam;Other Fruit
Food;Pantry;Spreads & desserts;Conserves/ Spreads;Marmalade;
Food;Pantry;Spreads & desserts;Conserves/ Spreads;Nut Butter;Peanut Crunchy
Food;Pantry;Spreads & desserts;Conserves/ Spreads;Nut Butter;Peanut Smooth
Food;Pantry;Spreads & desserts;Conserves/ Spreads;Nut Butter;Almond Crunchy
Food;Pantry;Spreads & desserts;Conserves/ Spreads;Nut Butter;Almond Smooth
Food;Pantry;Spreads & desserts;Conserves/ Spreads;Nut Butter;Cashew Crunchy
Food;Pantry;Spreads & desserts;Conserves/ Spreads;Nut Butter;Cashew Smooth
Food;Pantry;Spreads & desserts;Conserves/ Spreads;Nut Butter;Other
Food;Pantry;Spreads & desserts;Conserves/ Spreads;Chocolate Spread;Standard
Food;Pantry;Spreads & desserts;Conserves/ Spreads;Chocolate Spread;Flavoured
Food;Pantry;Spreads & desserts;Conserves/ Spreads;Honey/ Syrup;Honey
Food;Pantry;Spreads & desserts;Conserves/ Spreads;Honey/ Syrup;Maple Syrup
Food;Pantry;Spreads & desserts;Conserves/ Spreads;Honey/ Syrup;Golden Syrup
Food;Pantry;Spreads & desserts;Conserves/ Spreads;Honey/ Syrup;Other
Food;Pantry;Spreads & desserts;Conserves/ Spreads;Yeast Extracts;Yeast
Food;Pantry;Spreads & desserts;Desserts;Compote/ Fruit Puree;Banana
Food;Pantry;Spreads & desserts;Desserts;Compote/ Fruit Puree;Apple
Food;Pantry;Spreads & desserts;Desserts;Compote/ Fruit Puree;Pear
Food;Pantry;Spreads & desserts;Desserts;Compote/ Fruit Puree;Berry
Food;Pantry;Spreads & desserts;Desserts;Compote/ Fruit Puree;Other
Food;Pantry;Spreads & desserts;Desserts;Rice Pudding;
Food;Pantry;Spreads & desserts;Desserts;Ice Cream Accompaniments;Ice Cream Sauce
Food;Pantry;Spreads & desserts;Desserts;Ice Cream Accompaniments;Wafers
Food;Pantry;Spreads & desserts;Desserts;Ice Cream Accompaniments;Cones
Food;Pantry;Spreads & desserts;Desserts;Jelly;RTE
Food;Pantry;Spreads & desserts;Desserts;Jelly;Powder/ Cubes
Food;Pantry;Baking;Baking Ingredients;Flour;Plain
Food;Pantry;Baking;Baking Ingredients;Flour;Self Raising
Food;Pantry;Baking;Baking Ingredients;Flour;Other
Food;Pantry;Baking;Baking Ingredients;Sugar/ Sweeteners;Brown
Food;Pantry;Baking;Baking Ingredients;Sugar/ Sweeteners;White
Food;Pantry;Baking;Baking Ingredients;Sugar/ Sweeteners;Sweetener
Food;Pantry;Baking;Baking Ingredients;Baking Aids;Baking Powder
Food;Pantry;Baking;Baking Ingredients;Baking Aids;Bicarbonate of Soda
Food;Pantry;Baking;Baking Ingredients;Baking Aids;Other
Food;Pantry;Baking;Baking Ingredients;Dried Fruit;Raisins
Food;Pantry;Baking;Baking Ingredients;Dried Fruit;Citrus Peel
Food;Pantry;Baking;Baking Ingredients;Dried Fruit;Cherries
Food;Pantry;Baking;Baking Ingredients;Dried Fruit;Other/ Mixed
Food;Pantry;Baking;Baking Ingredients;Decoration ;Icing 
Food;Pantry;Baking;Baking Ingredients;Decoration ;Sprinkles/ Decs
Food;Pantry;Baking;Baking Mixes;Cake Mixes;Sponge Cake
Food;Pantry;Baking;Baking Mixes;Cake Mixes;Brownie Mix
Food;Pantry;Baking;Baking Mixes;Cake Mixes;Cooke Mix
Food;Pantry;Baking;Baking Mixes;Cake Mixes;Other
Food;Pantry;Baking;Baking Mixes;Dessert Mixes;Cheesecake
Food;Pantry;Baking;Baking Mixes;Dessert Mixes;Other
Food;Pantry;Cooking ingredients;Stock/ Marinades/ Gravy;Stock Cubes/ Powder;Chicken
Food;Pantry;Cooking ingredients;Stock/ Marinades/ Gravy;Stock Cubes/ Powder;Beef
Food;Pantry;Cooking ingredients;Stock/ Marinades/ Gravy;Stock Cubes/ Powder;Vegetable
Food;Pantry;Cooking ingredients;Stock/ Marinades/ Gravy;Stock Cubes/ Powder;Other
Food;Pantry;Cooking ingredients;Stock/ Marinades/ Gravy;Gravy;Powder 
Food;Pantry;Cooking ingredients;Stock/ Marinades/ Gravy;Gravy;Liquid
Food;Pantry;Cooking ingredients;Stock/ Marinades/ Gravy;Marinades;BBQ
Food;Pantry;Cooking ingredients;Stock/ Marinades/ Gravy;Marinades;Peri Peri
Food;Pantry;Cooking ingredients;Stock/ Marinades/ Gravy;Marinades;Chinese
Food;Pantry;Cooking ingredients;Stock/ Marinades/ Gravy;Marinades;Paprika
Food;Pantry;Cooking ingredients;Stock/ Marinades/ Gravy;Marinades;Other
Food;Pantry;Cooking ingredients;Stock/ Marinades/ Gravy;Cream;Bechamel
Food;Pantry;Cooking ingredients;Stock/ Marinades/ Gravy;Cream;Cream
Food;Pantry;Cooking ingredients;Herbs/ Spices;Herbs;Single Blend
Food;Pantry;Cooking ingredients;Herbs/ Spices;Herbs;Mixed
Food;Pantry;Cooking ingredients;Herbs/ Spices;Spices;Salt
Food;Pantry;Cooking ingredients;Herbs/ Spices;Spices;Pepper
Food;Pantry;Cooking ingredients;Herbs/ Spices;Spices;Chilli
Food;Pantry;Cooking ingredients;Herbs/ Spices;Spices;Mixed
Food;Pantry;Cooking ingredients;Herbs/ Spices;Spices;Other
Food;Pantry;Cooking sauces;Ready to Pour;Pasta Sauce/ Italian;Bolognese
Food;Pantry;Cooking sauces;Ready to Pour;Pasta Sauce/ Italian;Arrabiata
Food;Pantry;Cooking sauces;Ready to Pour;Pasta Sauce/ Italian;Pesto
Food;Pantry;Cooking sauces;Ready to Pour;Pasta Sauce/ Italian;Vegetable
Food;Pantry;Cooking sauces;Ready to Pour;Pasta Sauce/ Italian;Creamy
Food;Pantry;Cooking sauces;Ready to Pour;Pasta Sauce/ Italian;Other
Food;Pantry;Cooking sauces;Ready to Pour;Indian;Korma
Food;Pantry;Cooking sauces;Ready to Pour;Indian;Tikka Masala
Food;Pantry;Cooking sauces;Ready to Pour;Indian;Jalfrezi
Food;Pantry;Cooking sauces;Ready to Pour;Indian;Other
Food;Pantry;Cooking sauces;Ready to Pour;Chinese;Sweet & Sour
Food;Pantry;Cooking sauces;Ready to Pour;Chinese;Black Bean
Food;Pantry;Cooking sauces;Ready to Pour;Chinese;Chinese Curry
Food;Pantry;Cooking sauces;Ready to Pour;Chinese;Other
Food;Pantry;Cooking sauces;Ready to Pour;Thai;Red
Food;Pantry;Cooking sauces;Ready to Pour;Thai;Green
Food;Pantry;Cooking sauces;Ready to Pour;Mexican;
Food;Pantry;Cooking sauces;Ready to Pour;Other;
Food;Pantry;Cooking sauces;Pastes;Thai;Red
Food;Pantry;Cooking sauces;Pastes;Thai;Green
Food;Pantry;Cooking sauces;Pastes;Indian;Korma
Food;Pantry;Cooking sauces;Pastes;Indian;Tikka Masala
Food;Pantry;Cooking sauces;Pastes;Indian;Jalfrezi
Food;Pantry;Cooking sauces;Pastes;Indian;Other
Food;Pantry;Cooking sauces;Pastes;Other Cuisines;
Food;Pantry;Meal kits;Meal Kits;Mexican;
Food;Pantry;Meal kits;Meal Kits;Chinese;
Food;Pantry;Meal kits;Meal Kits;Japanese;
Food;Pantry;Meal kits;Meal Kits;Thai;
Food;Pantry;Meal kits;Meal Kits;Indian;
Food;Pantry;Meal kits;Meal Kits;Other Cuisines;
Food;Pantry;Table sauces & condiments;Ketchup;Standard;
Food;Pantry;Table sauces & condiments;Ketchup;Flavoured;
Food;Pantry;Table sauces & condiments;Mayonnaise;Standard;
Food;Pantry;Table sauces & condiments;Mayonnaise;Flavoured;
Food;Pantry;Table sauces & condiments;Salad Cream;Standard;
Food;Pantry;Table sauces & condiments;Salad Cream;Flavoured;
Food;Pantry;Table sauces & condiments;Brown Sauces;Worcestershire;
Food;Pantry;Table sauces & condiments;Brown Sauces;Brown;
Food;Pantry;Table sauces & condiments;Chilli;Chilli;
Food;Pantry;Table sauces & condiments;Chilli;Sweet Chilli;
Food;Pantry;Table sauces & condiments;Mustard;English;
Food;Pantry;Table sauces & condiments;Mustard;French;
Food;Pantry;Table sauces & condiments;Mustard;American;
Food;Pantry;Table sauces & condiments;Mustard;Wholegrain;
Food;Pantry;Table sauces & condiments;Hummus/ Tapenade;Hummus;
Food;Pantry;Table sauces & condiments;Hummus/ Tapenade;Tapenade;
Food;Pantry;Table sauces & condiments;Hummus/ Tapenade;Guacamole;
Food;Pantry;Table sauces & condiments;Soy Sauce;;
Food;Pantry;Table sauces & condiments;Salsa;;
Food;Pantry;Table sauces & condiments;BBQ;;
Food;Pantry;Table sauces & condiments;Apple;;
Food;Pantry;Table sauces & condiments;Cranberry;;
Food;Pantry;Table sauces & condiments;Chutney;Mango;
Food;Pantry;Table sauces & condiments;Chutney;Other;
Food;Pantry;Table sauces & condiments;Other;;
Food;Pantry;Pickles & olives;Olives;Green;
Food;Pantry;Pickles & olives;Olives;Black;
Food;Pantry;Pickles & olives;Olives;Flavoured;
Food;Pantry;Pickles & olives;Pickles/ Veg;Gherkins;
Food;Pantry;Pickles & olives;Pickles/ Veg;Cornichons;
Food;Pantry;Pickles & olives;Pickles/ Veg;Cabbage;
Food;Pantry;Pickles & olives;Pickles/ Veg;Peppers;
Food;Pantry;Pickles & olives;Pickles/ Veg;Sun Dried Tomatoes;
Food;Pantry;Pickles & olives;Pickles/ Veg;Onions;
Food;Pantry;Pickles & olives;Pickles/ Veg;Other;
Food;Pantry;Oils & vinegars;Oils & Vinegars;Oil;Olive
Food;Pantry;Oils & vinegars;Oils & Vinegars;Oil;Other
Food;Pantry;Oils & vinegars;Oils & Vinegars;Vinegar;Malt
Food;Pantry;Oils & vinegars;Oils & Vinegars;Vinegar;Apple Cider
Food;Pantry;Oils & vinegars;Oils & Vinegars;Vinegar;Red Wine
Food;Pantry;Oils & vinegars;Oils & Vinegars;Vinegar;Balsamic
Food;Pantry;Oils & vinegars;Oils & Vinegars;Vinegar;Other
Food;Pantry;Tinned & packaged foods;Vegetables;Tomatoes;Passata
Food;Pantry;Tinned & packaged foods;Vegetables;Tomatoes;Chopped
Food;Pantry;Tinned & packaged foods;Vegetables;Tomatoes;Plum
Food;Pantry;Tinned & packaged foods;Vegetables;Sweetcorn;
Food;Pantry;Tinned & packaged foods;Vegetables;Other Vegetables;Carrots
Food;Pantry;Tinned & packaged foods;Vegetables;Other Vegetables;Mushrooms
Food;Pantry;Tinned & packaged foods;Vegetables;Other Vegetables;Peas
Food;Pantry;Tinned & packaged foods;Vegetables;Other Vegetables;Potatoes
Food;Pantry;Tinned & packaged foods;Vegetables;Other Vegetables;Green Beans
Food;Pantry;Tinned & packaged foods;Vegetables;Other Vegetables;Other
Food;Pantry;Tinned & packaged foods;Vegetables;Baked Beans;Standard
Food;Pantry;Tinned & packaged foods;Vegetables;Baked Beans;Flavoured
Food;Pantry;Tinned & packaged foods;Vegetables;Baked Beans;No Added Sugar
Food;Pantry;Tinned & packaged foods;Vegetables;Beans/ Pulses;Kidney Beans
Food;Pantry;Tinned & packaged foods;Vegetables;Beans/ Pulses;Back Beans
Food;Pantry;Tinned & packaged foods;Vegetables;Beans/ Pulses;Chickpeas
Food;Pantry;Tinned & packaged foods;Vegetables;Beans/ Pulses;Lentils
Food;Pantry;Tinned & packaged foods;Vegetables;Beans/ Pulses;Mixed
Food;Pantry;Tinned & packaged foods;Vegetables;Beans/ Pulses;Other
Food;Pantry;Tinned & packaged foods;Fruit;Cocktail/ Mixed;Syrup
Food;Pantry;Tinned & packaged foods;Fruit;Cocktail/ Mixed;Juice
Food;Pantry;Tinned & packaged foods;Fruit;Pineapple;Syrup
Food;Pantry;Tinned & packaged foods;Fruit;Pineapple;Juice
Food;Pantry;Tinned & packaged foods;Fruit;Peach/ Apricot;Syrup
Food;Pantry;Tinned & packaged foods;Fruit;Peach/ Apricot;Juice
Food;Pantry;Tinned & packaged foods;Fruit;Pear;Syrup
Food;Pantry;Tinned & packaged foods;Fruit;Pear;Juice
Food;Pantry;Tinned & packaged foods;Fruit;Other;Syrup
Food;Pantry;Tinned & packaged foods;Fruit;Other;Juice
Food;Pantry;Tinned & packaged foods;Meat/ Fish/ Alternatives;Ham;
Food;Pantry;Tinned & packaged foods;Meat/ Fish/ Alternatives;Hot Dogs;
Food;Pantry;Tinned & packaged foods;Meat/ Fish/ Alternatives;Corned Beef;
Food;Pantry;Tinned & packaged foods;Meat/ Fish/ Alternatives;Pate;
Food;Pantry;Tinned & packaged foods;Meat/ Fish/ Alternatives;Charcuterie;
Food;Pantry;Tinned & packaged foods;Meat/ Fish/ Alternatives;Other Meat;
Food;Pantry;Tinned & packaged foods;Meat/ Fish/ Alternatives;Tuna;Oil
Food;Pantry;Tinned & packaged foods;Meat/ Fish/ Alternatives;Tuna;Water
Food;Pantry;Tinned & packaged foods;Meat/ Fish/ Alternatives;Tuna;Brine
Food;Pantry;Tinned & packaged foods;Meat/ Fish/ Alternatives;Salmon;
Food;Pantry;Tinned & packaged foods;Meat/ Fish/ Alternatives;Other Fish;
Food;Pantry;Tinned & packaged foods;Meat/ Fish/ Alternatives;Tofu;
Food;Pantry;Tinned & packaged foods;Pasta;Spaghetti Hoops;
Food;Pantry;Tinned & packaged foods;Pasta;Character Shaped;
Food;Pantry;Tinned & packaged foods;Pasta;Ravioli;
Food;Pantry;Tinned & packaged foods;Pasta;Macaroni Cheese;
Food;Pantry;Tinned & packaged foods;Pasta;Other;
Food;Pantry;Tinned & packaged foods;Soup;Canned Soup;Tomato
Food;Pantry;Tinned & packaged foods;Soup;Canned Soup;Chicken
Food;Pantry;Tinned & packaged foods;Soup;Canned Soup;Vegetable
Food;Pantry;Tinned & packaged foods;Soup;Canned Soup;Other
Food;Pantry;Tinned & packaged foods;Soup;Soup Mix;Tomato
Food;Pantry;Tinned & packaged foods;Soup;Soup Mix;Chicken
Food;Pantry;Tinned & packaged foods;Soup;Soup Mix;Vegetable
Food;Pantry;Tinned & packaged foods;Soup;Soup Mix;Other
Food;Pantry;Tinned & packaged foods;Soup;Cup Soup;Tomato
Food;Pantry;Tinned & packaged foods;Soup;Cup Soup;Chicken
Food;Pantry;Tinned & packaged foods;Soup;Cup Soup;Vegetable
Food;Pantry;Tinned & packaged foods;Soup;Cup Soup;Other
Food;Pantry;Rice, pasta & grains;Rice;Cooking Rice;Basmati
Food;Pantry;Rice, pasta & grains;Rice;Cooking Rice;Wholegrain
Food;Pantry;Rice, pasta & grains;Rice;Cooking Rice;Jasmine
Food;Pantry;Rice, pasta & grains;Rice;Cooking Rice;Wild/ Brown
Food;Pantry;Rice, pasta & grains;Rice;Cooking Rice;Other
Food;Pantry;Rice, pasta & grains;Rice;Cooking Rice;Pudding
Food;Pantry;Rice, pasta & grains;Rice;Microwave;White
Food;Pantry;Rice, pasta & grains;Rice;Microwave;Wholegrain
Food;Pantry;Rice, pasta & grains;Rice;Microwave;Mixed/ Flavoured
Food;Pantry;Rice, pasta & grains;Pasta;Pasta Shapes;Wholewheat
Food;Pantry;Rice, pasta & grains;Pasta;Pasta Shapes;Wheat
Food;Pantry;Rice, pasta & grains;Pasta;Spaghetti;Wholewheat
Food;Pantry;Rice, pasta & grains;Pasta;Spaghetti;Wheat
Food;Pantry;Rice, pasta & grains;Pasta;Lasagne;Wholewheat
Food;Pantry;Rice, pasta & grains;Pasta;Lasagne;Wheat
Food;Pantry;Rice, pasta & grains;Noodles;Straight to Wok;Udon
Food;Pantry;Rice, pasta & grains;Noodles;Straight to Wok;Egg
Food;Pantry;Rice, pasta & grains;Noodles;Straight to Wok;Rice
Food;Pantry;Rice, pasta & grains;Noodles;Dried Noodles;Egg
Food;Pantry;Rice, pasta & grains;Noodles;Dried Noodles;Rice
Food;Pantry;Rice, pasta & grains;Noodles;Dried Noodles;Wholewheat
Food;Pantry;Rice, pasta & grains;Noodles;Dried Noodles;Other
Food;Pantry;Rice, pasta & grains;Grains/ Pulses;Cous cous;Wheat
Food;Pantry;Rice, pasta & grains;Grains/ Pulses;Cous cous;Wholewheat
Food;Pantry;Rice, pasta & grains;Grains/ Pulses;Quinoa;
Food;Pantry;Rice, pasta & grains;Grains/ Pulses;Lentils;Green/ Puy
Food;Pantry;Rice, pasta & grains;Grains/ Pulses;Lentils;Red
Food;Pantry;Rice, pasta & grains;Grains/ Pulses;Other Grains;
Food;Pantry;Rice, pasta & grains;Grains/ Pulses;Beans;
Food;Pantry;Instant meals;Instant Noodles;Packets;Chicken
Food;Pantry;Instant meals;Instant Noodles;Packets;Vegetable
Food;Pantry;Instant meals;Instant Noodles;Packets;Other
Food;Pantry;Instant meals;Instant Noodles;Pots;Chicken
Food;Pantry;Instant meals;Instant Noodles;Pots;Vegetable
Food;Pantry;Instant meals;Instant Noodles;Pots;Other
Food;Pantry;Instant meals; Instant Grain/ Lentils;Lentil Based Meals;
Food;Pantry;Instant meals; Instant Grain/ Lentils;Grain Based Meals;
Food;Pantry;Instant meals; Instant Grain/ Lentils;Bean Based Meals;
Food;Pantry;Instant meals;Instant Pasta;Packet/ Dehydrated;
Food;Pantry;Instant meals;Instant Pasta;Microwave/ Pots;
Food;Pantry;Bread & bakery;Bread;Toast Bread;Wholemeal
Food;Pantry;Bread & bakery;Bread;Toast Bread;White
Food;Pantry;Bread & bakery;Bread;Wraps;Wholemeal
Food;Pantry;Bread & bakery;Bread;Wraps;White
Food;Pantry;Bread & bakery;Bread;Sweet Bread;Pannetone
Food;Pantry;Bread & bakery;Bread;Sweet Bread;Brioche
Food;Pantry;Bread & bakery;Bread;Rolls;Wholemeal
Food;Pantry;Bread & bakery;Bread;Rolls;White
Food;Pantry;Bread & bakery;Bread;Pizza Bases;
Food;Pantry;Bread & bakery;Sweet Pastry;Pastries;
Food;Pantry;Bread & bakery;Sweet Pastry;Waffles;
Food;Pantry;Bread & bakery;Sweet Pastry;Other;
Food;Health & wellness;Vitamins;Kids;;
Food;Health & wellness;Vitamins;Female Specific;;
Food;Health & wellness;Vitamins;Sleep;;
Food;Health & wellness;Vitamins;Other;;
Food;Health & wellness;Protein supplements;Powder;;
Food;Health & wellness;Protein supplements;Shakes;;
Food;Health & wellness;Protein supplements;Bars;;
Food;Health & wellness;Hemp products;;;
Food;Health & wellness;Sports nutrition;Drinks;;
Food;Health & wellness;Sports nutrition;Gels/ Capsules;;
Food;Health & wellness;Sports nutrition;Other;;
Pet Food;Pet food;Cat food;Dry Food;Kitten;
Pet Food;Pet food;Cat food;Dry Food;Adult;
Pet Food;Pet food;Cat food;Dry Food;Senior;
Pet Food;Pet food;Cat food;Dry Food;Dietary;
Pet Food;Pet food;Cat food;Wet Food;Kitten;
Pet Food;Pet food;Cat food;Wet Food;Adult;
Pet Food;Pet food;Cat food;Wet Food;Senior;
Pet Food;Pet food;Cat food;Wet Food;Dietary;
Pet Food;Pet food;Cat food;Treats;Dental;
Pet Food;Pet food;Cat food;Treats;Training;
Pet Food;Pet food;Dog food;Dry Food;Puppy;
Pet Food;Pet food;Dog food;Dry Food;Adult;
Pet Food;Pet food;Dog food;Dry Food;Senior;
Pet Food;Pet food;Dog food;Dry Food;Dietary;
Pet Food;Pet food;Dog food;Wet Food;Puppy;
Pet Food;Pet food;Dog food;Wet Food;Adult;
Pet Food;Pet food;Dog food;Wet Food;Senior;
Pet Food;Pet food;Dog food;Wet Food;Dietary;
Pet Food;Pet food;Dog food;Treats;Dental;
Pet Food;Pet food;Dog food;Treats;Training;
Food;Baby & toddler;Milk;;;
Food;Baby & toddler;Drinks;;;
Food;Baby & toddler;Food;<1year food;Meals;6m+
Food;Baby & toddler;Food;<1year food;Meals;10m+
Food;Baby & toddler;Food;>1 year food;Meals;12m+
Food;Baby & toddler;Food;>1 year food;Snacks;12m+
Non Food;Household essentials;Cleaning supplies;Kitchen;All Purpose Spray;
Non Food;Household essentials;Cleaning supplies;Kitchen;Hob/ Oven Cleaer;
Non Food;Household essentials;Cleaning supplies;Kitchen;Dishwasher;
Non Food;Household essentials;Cleaning supplies;Kitchen;Floor Cleaner;
Non Food;Household essentials;Cleaning supplies;Bathroom  ;Bathroom Cleaners;
Non Food;Household essentials;Cleaning supplies;Bathroom  ;Toilet ;
Non Food;Household essentials;Cleaning supplies;Bathroom  ;Limescale Remover;
Non Food;Household essentials;Cleaning supplies;Tools;Washing Up Brushes;
Non Food;Household essentials;Cleaning supplies;Tools;Sponges/ Scourers;
Non Food;Household essentials;Cleaning supplies;Tools;Dustpan & Brush;
Non Food;Household essentials;Cleaning supplies;Tools;Cloths;
Non Food;Household essentials;Laundry care;Detergent;Capsules/ Pods;Bio
Non Food;Household essentials;Laundry care;Detergent;Capsules/ Pods;Non Bio
Non Food;Household essentials;Laundry care;Detergent;Powder;Bio
Non Food;Household essentials;Laundry care;Detergent;Powder;Non Bio
Non Food;Household essentials;Laundry care;Detergent;Gel;Bio
Non Food;Household essentials;Laundry care;Detergent;Gel;Non Bio
Non Food;Household essentials;Laundry care;Additives;Additives;Fabric Conditioner
Non Food;Household essentials;Laundry care;Additives;Additives;Scent Boosters
Non Food;Household essentials;Laundry care;Additives;Additives;Stain Remover
Non Food;Household essentials;Laundry care;Additives;Additives;Tumble Dryer Sheets
Non Food;Household essentials;Air care;Candles;;
Non Food;Household essentials;Air care;Diffusers/ Incense;;
Non Food;Household essentials;Air care;Plug in/ Refills;;
Non Food;Household essentials;Air care;Gel/ Blocks;Car;
Non Food;Household essentials;Air care;Gel/ Blocks;House;
Non Food;Household essentials;Air care;Aerosols;Bathroom;
Non Food;Household essentials;Air care;Aerosols;Odour Control;
Non Food;Household essentials;Air care;Aerosols;Other;
Non Food;Household essentials;Paper products;Kitchen Roll;Kitchen Roll;
Non Food;Household essentials;Paper products;Toilet Roll;Toilet Roll;
Non Food;Household essentials;Paper products;Tissues;Tissue Boxes;
Non Food;Household essentials;Paper products;Tissues;Pocket Tissues;
Non Food;Household essentials;Paper products;Wipes;Hand Wipes;
Non Food;Household essentials;Food storage & disposables;Trash Bags;Trash Bags;
Non Food;Household essentials;Food storage & disposables;Food Storage;Food Storage Bags;
Non Food;Household essentials;Food storage & disposables;Food Storage;Food Storage Containers;
Non Food;Nappies & wipes;Nappies;Size 0, 1 & 2;;
Non Food;Nappies & wipes;Nappies;Size 3-5;;
Non Food;Nappies & wipes;Nappies;Size 6+;;
Non Food;Nappies & wipes;Wipes;Fragranced;;
Non Food;Nappies & wipes;Wipes;Non Fragranced;;
Non Food;Personal care;Body wash;Shower Gel;;
Non Food;Personal care;Body wash;Bath Foam ;;
Non Food;Personal care;Feminine care;Sanitary napkins and liners;;
Non Food;Personal care;Feminine care;Tampons;;
Non Food;Personal care;Hand wash;Liquid Hand Wash;;
Non Food;Personal care;Hand wash;Soap;;
Non Food;Personal care;Deodorant;Roll On;Male;
Non Food;Personal care;Deodorant;Roll On;Female;
Non Food;Personal care;Deodorant;Roll On;Unisex;
Non Food;Personal care;Deodorant;Spray;Male;
Non Food;Personal care;Deodorant;Spray;Female;
Non Food;Personal care;Deodorant;Spray;Unisex;
Non Food;Personal care;Deodorant;Stick;Male;
Non Food;Personal care;Deodorant;Stick;Female;
Non Food;Personal care;Deodorant;Stick;Unisex;
Non Food;Personal care;Oral care;Toothpaste;Kids;
Non Food;Personal care;Oral care;Toothpaste;Adult;
Non Food;Personal care;Oral care;Toothbrushes;Kids;
Non Food;Personal care;Oral care;Toothbrushes;Adult;
Non Food;Personal care;Oral care;Mouthwash;;
Non Food;Personal care;Oral care;Floss;;
Non Food;Personal care;Hair care;Shampoo;Normal;
Non Food;Personal care;Hair care;Shampoo;Dry/ Damaged;
Non Food;Personal care;Hair care;Shampoo;Colour Care;
Non Food;Personal care;Hair care;Shampoo;Curly;
Non Food;Personal care;Hair care;Shampoo;Kids;
Non Food;Personal care;Hair care;Shampoo;Mens;
Non Food;Personal care;Hair care;Shampoo;Dandruff;
Non Food;Personal care;Hair care;Conditioner;Normal;
Non Food;Personal care;Hair care;Conditioner;Dry/ Damaged;
Non Food;Personal care;Hair care;Conditioner;Colour Care;
Non Food;Personal care;Hair care;Conditioner;Curly;
Non Food;Personal care;Hair care;Conditioner;Kids;
Non Food;Personal care;Hair care;Conditioner;Mens;
Non Food;Personal care;Hair care;Treatments & Oils;;
Non Food;Personal care;First aid;Band Aids;;
Non Food;Skincare;Facial cleansers & toners;Cleansers;;
Non Food;Skincare;Facial cleansers & toners;Toners;;
Non Food;Skincare;Facial cleansers & toners;Wipes;;
Non Food;Skincare;Moisturisers & creams;Body Lotion;;
Non Food;Skincare;Moisturisers & creams;Hand Lotion;;
Non Food;Skincare;Sun care;Sunscreen ;SPF30;
Non Food;Skincare;Sun care;Sunscreen ;SPF50;
Non Food;Skincare;Sun care;Sunscreen ;Kids/ Sensitive;
Non Food;Skincare;Sun care;Sunscreen ;Other;
Non Food;Skincare;Targeted skincare;Acne/ Blemish Care;;
Non Food;Skincare;Targeted skincare;Anti- Aging;;
Non Food;Beauty;Beauty tools;Brushes;;
Non Food;Beauty;Beauty tools;Sponges;;
Non Food;Beauty;Beauty tools;Mirrors;;
Non Food;Beauty;Eye makeup;Eyebrow;;
Non Food;Beauty;Eye makeup;Eyeliner;;
Non Food;Beauty;Eye makeup;Eyelashes;;
Non Food;Beauty;Eye makeup;Other;;
Non Food;Beauty;Lip makeup;Lip Balm;;
Non Food;Beauty;Lip makeup;Lipstick;;
Non Food;Beauty;Lip makeup;Lip Gloss;;
Non Food;Beauty;Face makeup;Foundation;;
Non Food;Beauty;Face makeup;Concealer;;
Non Food;Beauty;Face makeup;Primer;;
Non Food;Beauty;Face makeup;Other;;
Non Food;Beauty;Nails;Nail Varnish;;
Non Food;Beauty;Nails;Nail Varnish Remover;;
Non Food;Fragrance;Men’s;;;
Non Food;Fragrance;Women’s;;;